Album,Artist,Rating,Fav,LeastFav,Buy,Date,Brief,Notes,Retry
The Dark Side of the Moon,Pink Floyd,8,The Great Gig in the Sky,,Buy!,10 Dec 2023,,Want to do another listen-through,FALSE
The New Abnormal,The Strokes,9.9,Ode to the Mets,Eternal Summer,Buy!,20 Jan 2024,Release,"Top tier album, would listen to basically every song (except eternal summer)",FALSE
In the Court of the Crimson King,King Crimson,7,,,Nah,20 Jan 2024,,Too experimental,FALSE
The Rise and Fall of Ziggy Stardust and the Spiders From Mars,David Bowie,6,,,Nah,20 Jan 2024,,,FALSE
The Velvet Underground & Nico,The Velvet Underground & Nico,7,,,Nah,20 Jan 2024,,A little repetitive.,FALSE
The Queen is Dead,The Smiths,7,,,Nah,20 Jan 2024,,,FALSE
Turn on the Bright Lights,Interpol,6,,,Nah,20 Jan 2024,,,FALSE
Good News For People Who Love Bad News,Modest Mouse,7,The World at Large,,Maybe?,20 Jan 2024,Biker,"Love: The World at Large, Bukowski, Satin in a Coffin",FALSE
Is This It,The Strokes,7,Trying Your Luck,,Nah,1 Apr 2024,Dive bar,"This really sounds like the early Strokes. The New Abnormal was certainly way better, but this seems like a mellow, less experimental version of their music. Note: This edit was written after listening to it for the second time.",FALSE
Disintegration,The Cure,6,Homesick,,Nah,20 Jan 2024,Exorcism,,FALSE
Nobody Escapes,Mother Mother,5,,,Nah,20 Jan 2024,,Not very memorable.,FALSE
The Doors,The Doors,6,,,Nah,20 Jan 2024,,Nothing memorable.,FALSE
El Pintor,Interpol,8,All the Rage Back Home,My Blue Supreme,Buy!,22 Feb 2024,Surf,"A lot of good songs including All the Rage Back Home; Same Town, New Story; Everything Is Wrong; Tidal Wave",FALSE
Buttertones,The Buttertones,6,Orpheus Under the Influence,,Nah,25 Feb 2024,,"Nothing memorable, but Dionysis and Kaleidopope are decent",FALSE
In the Aeroplane Over the Sea,Neutral Milk Hotel,6,Communist Daughter,,Maybe?,29 Feb 2024,,"All sounded a little alike. Liked the transition from Ghost to [untitled]. Song good songs include, The Fool; Communist Daughter; Oh Comely; [untitled]. I feel like any like for this album is because its ranked so well. Gotta try it again to be sure",TRUE
The Wall,Pink Floyd,9.5,"I really can't pick, see notes",,Buy!,2 March 2024,Story,"Best songs: In the Flesh; Another Brick in the Wall, Pt. 2; Young Lust; Hey You; Comfortably Numb; The Trial. This album is lowkey masterpiece. The transitions between songs are fantastic and I feel like I'm going through a manic-depression period inside a dream. I feel like this album needs to be listened to in one sitting for the full experience. Also, The Trial is so goofy. And the Hey You guitar solo in the middle is too good",FALSE
MM...FOOD,MF DOOM,5,Potholderz (feat. Count Bass D),Gumbo,Nah,3 March 2024,,"This was a hard listen because I'm not into rap and its hard for me to understand the lyrics. Perhaps a second listen through with subtitles will help. Also, Rap Snitches Knishes is good (and it was sampled from Space Oddity - Dave Matthews which is in the og Dune movie! - i found this out the day i'm gonna watch dune 2, crazy...)",TRUE
The Moon & Antarctica,Modest Mouse,8.5,Dark Center Of The Universe,,Maybe?,4 March 2024,,"Like the violin end in The Stars are Projectors. I think some track chunks are good, riffs are pretty solid. Best songs: Dark Center Of The Universe; Tiny Cities Made Of Ashes; The Cold Part; The Stars Are Projectors; I Came As A Rat. Honorable mentions for some chunks: Perfect Disguise; Lives. Also, I find it fascinating they capitalize every letter of each title. I haven't paid too much attention to the lyrics, but I think that's what makes them so good.",FALSE
OK Computer,Radiohead,9,Exit Music (For A Film),The Tourist,Buy!,6 March 2024,Questioning your existence,"This is a fantastic album, but my listening experience was spoiled since I've heard so many of these songs before. The best include Exit Music (For A Film); Let Down; Karma Police; No Surprises. But overall, top tier album. This is one of the albums you must pay full attention to in order to experience all the crescendos with maximal instrumentation.",FALSE
Funeral,Arcade Fire,9,Crown of Love,Haiti,Buy!,7 March 2024,Running away from your problems,"This album creates the sense of relief I feel when running, like I'm losing my burdens one by one. The buildup and instrumentation is on par with Radiohead's OK Computer, but I love the orchestral additions to it. Every song in this album is great barring Haiti (which I should probably give another shot). But otherwise, great listen.",FALSE
Animals,Pink Floyd,7,Pigs (Three Different Ones),,Nah,8 March 2024,,"The songs in this album are a little on the longer end and take a lot of twists and turns. It's not like I don't like it, but it's just not fully my vibe. Some sections are interesting but the interludes are a little dull. But some good songs include Dogs; Pigs (Three Different Ones), Sheep",FALSE
Weezer,Weezer,4,Undone - The Sweater Song,,Nah,10 March 2024,,Kinda mid.,FALSE
So Much (For) Stardust,Fall Out Boy,4,I Am My Own Muse,,Nah,11 March 2024,,It just felt like they wrote like 3 songs and duplicated them a bunch of times. not unique :(. EDIT: I went to their concert!,FALSE
Antics,Interpol,6,A Time To Be So Small,,Nah,1 April 2024,,"It wasn't super catchy, and the songs seemed relatively repetitive. Maybe it's just because I've been spoiled by the other music I listen to.",FALSE
Submarine,Alex Turner,6,Stuck on A Puzzle,,Nah,2 April 2024,,"I've heard a lot of these songs before, so it wasn't too much of a surprise to me. They're like relatively good songs, but nothing spectacular.",FALSE
Conduit,machinegum,8,Kubes,Walking Habits; 128,Buy!,3 April 2024,Floating,"I've only heard Atomized before, but since this was a Strokes side project, I had to check it out. Holy shit, it slaps.  Kubes; Atomized; Deep Red; Act of Contrition; O Please; City Walls; are song that are fantastic. They're all so different. It seems like Strokes but ethereal.",FALSE
The Suburbs,Arcade Fire,7,Deep Blue,Rococo,Nah,4 April 2024,,"I'd only heard 'The Suburbs' track before, and had to continue with the Arcade Fire bs. This album has some emo-ish bangers. Top songs include: The Suburbs; Ready to Start; Empty Room; Deep Blue. My favourite thing about Arcade Fire is their use of orchestral instruments like violins for te buildups at the end. Their music, I think as mentioned in my review of 'Funeral' is the embodiment of release I feel when running.",FALSE
The Bends,Radiohead,8,High and Dry; Street Spirit (Fade Out),Bones,Maybe?,10 April 2024,,"Fav songs: High and Dry; (Nice Dream); My Iron Lung; Bullet Proof...I Wish I Was; Street Spirit (Fade Out). I think this album has a lot of potential; however, I listened to it not in the depressive Radiohead mental space I usually listen to their songs in. I've also heard a few of them before, so no surprise there. EDIT: Re-listening in a more Radiohead-suitable state of mind. Ok this is better than I thought. If I need to wallow or cry I wanna come here.",FALSE
Vessel,Twenty One Pilots,8,Car Radio,Fake You Out,Maybe?,12 June 2024,Middle school,"I've listened to the majority of songs in this album during my teenage years so nothing was majorly new. Since this album isn't super flowy, I can't say that the whole is greater than the individual here. However, most songs are definitely bangers. The only ones not as great are Semi-Automatic; Fake You Out; Guns for Hands; Truce. Even if this album doesn't rank super high in my reviews, I have an attachment to it because of my middle school days, so I owe it something (idk what, but definitely something).",FALSE
HIT ME HARD AND SOFT,Billie Eilish,6,WILDFLOWER,,Maybe?,12 June 2024,,"I heard quite a few clips from this album before because Eilish is just that famous atm. I would say that most of these songs are good. Like I like listening to them; however, they don't particularly stand out to me. Eilish's voice is REALLY pretty but idk if this makes me sound musically spoilt, but its kinda old news at this point. But this album, and a lot of her other songs, make me appreciate FINNEAS's producer capabilities. He does the bulk of that stuff and is damn good at it too. But, I would say that it's kinda getting a little old and repetitive. He should prolly try and explore a few more things ig. I re-heard this and I think i love it now",FALSE
Clancy,Twenty One Pilots,4,Next Semester,,Nah,15 June 2024,,"I think I need to do anoter listen-through while paying attention to the lyrics and worlds created by TØP. They have been building something big ever since their previous album Trench. But the musicality of this album just ain't that great. They have some decent songs but idt any I'd listen to on their own. This is a bit sad since this band was my peak teen angst but we all grow ig, I am 20 now.",TRUE
Darkest Lullaby (Singles),Kasabian,5,Darkest Lullaby,Algorithms,Nah,29 June 2024,,"This is barely an album because it's 4 songs and 11 minutes long. It's very generic emoish rock music, so it doesn't particularly stand out to me in any way; it's filler music.",FALSE
Discovery,Daft Punk,7,Voyager; Veridis Quo,Short Circuit,Maybe?,29 June 2024,Shrooms,"This is very typical daft punk music imo. There's some bangers in there and other songs are kinda mid. Like other songs by them, a lot of songs are very repetitive and make you wait a little too much for the good part (idk if this is my brainrot talking or is actually true). Top songs include Harder, Better, Faster, Stronger; Crescendolls; Superheroes; Something About Us; Voyager; Veridis Quo.",FALSE
AM,Arctic Monkeys,8,Why'd You Only Call Me When You're High?,Mad Sounds,Buy!,2 July 2024,,I've heard many of these songs before because this is the Arctic Monkeys after all. Most are pretty good. I honestly don't even know what to say about it. I like all but Mad Sounds.,FALSE
Illmatic,Nas,,It Ain't Hard to Tell,,Nah,2 July 2024,Gangster,I'm relistening to this with the lyrics before writing my true thoughts.,TRUE
Humbug,Arctic Monkeys,7,Crying Lightning,Dangerous Animals,Nah,3 July 2024,,"I like this album; however, I don't know that it stands out to me. I'm not a huge fan of the first few songs (except Crying Lightning), but it ends pretty strong. I'm deciding whether this album deserves to go on my wall. Top songs include Crying Lightning; Cornerstone; Dance Little Liar; Pretty Visitors; The Jeweller's Hands.",FALSE
"Whatever People Say I Am, That's What I'm Not",Arctic Monkeys,8,A Certain Romance,Perhaps Vampires Is A Bit Strong But...,Maybe?,4 July 2024,,I was quite surprised by how much I liked this album. It's the closest thing to punk rock I think I like. You have to be in a motivated? excited? some lowkey anger? type of mood for this to truly work.,FALSE
Random Access Memories,Daft Punk,8,Instant Crush (feat. Julian Casablancas),Motherboard,Buy!,5 July 2024,,"I listened to the first half while running and that was a great idea! The first 8 tracks in this album are a slay and give me the electronic escapism vibes I love daft punk for. The songs like Beyond and Motherboard don't really do much for me as they sound a bit repetitive, but overall the album is a pretty good one!",FALSE
Incredibad,The Lonely Island,8,Boombox,The Old Saloon,Buy!,5 July 2024,Hehe,"Daddy Samburg is all I have to say. This man is the goofiest, funniest shit on the planet and this album embodies that. I didn't get some of the references made because this is from like 2007, but most songs were goddamn hilarious. I have yet to listen to this in a non-lyrical setting because the genius of this is in the lyrics not instrumentation and instrumentation is usually what I focused on. I'd like to think I'm growing as a listener (even if it's comedic lyrics)",FALSE
Everything You've Come To Expect,The Last Shadow Puppets,9,Aviation,Totally Wired,Buy!,6 July 2024,British ascension,"Owen Pallett really makes everything better doesn't he? After listening to so many albums, it's super refreshing to hear one that makes me feel something. It's likely to do with the orchestration buildup that Owen Pallett does brilliantly like in Arcade Fire and the Her soundtrack. From googling, I think I like the Alex Turner heavy tracks as opposed to the Miles Kane ones. Also, the last track (The Dream Synopsis EP Version) is ;)))))))))–that sax...no words. Top tier. Reddit also says the lyrics are great, but I haven't listened to it yet.",FALSE
Currents,Tame Impala,6,Let It Happen,Disciples,Nah,7 July 2024,,"I was a bit disappointed by this. I've heard a couple songs from this album before, but the rest were nowhere near that quality. They just felt like filler beats. Best songs include Let It Happen; The Less I Know The Better. I don't know why but I just expected better from this cause of all the hype it gets. I guess this kind of modern-electronic (non-Daft Punk) vibe isn't for me. But I do think I would like it a lot on shrooms.",FALSE
In Rainbows,Radiohead,8,Jigsaw Falling Into Place,Bodysnatchers,Maybe?,7 July 2024,,"This gives vinyl energy. The buildup in these songs is great. They're a lot slower than I'm used to, but this is probably stoner music ngl. For the full effect, you need to commit yourself to the album. It's not designed as background music.",FALSE
In Utero,Nirvana,5.5,Dumb,Frances Farmer Will Have Her Revenge On Seattle,Nah,8 July 2024,,There's a lot of screaming going on. It's like grunge with metal-screaming. Best songs include Heart-Shaped Box; Rape Me; Dumb; Pennyroyal Tea; Tourette's. I just feel like there's not much going on in there; Kurt's just doing this thing and yelling again and again. I think listening to this again after 'Nevermind' would help me get acquainted to Nirvana's vibe.,FALSE
Nevermind,Nirvana,8,(most),"Endless, Nameless",Maybe?,9 July 2024,Angst,I like this. It caters to my teen angst (who cares im 20) and angry grunge. Pretty much every song (except the last) is sexy. wtf is Territorial Pissings cause i love the song but what even is that name. Yummy,FALSE
Back To Black,Amy Winehouse,7,Back To Black,(none in particular),Nah,9 July 2024,,"This wasn't really special in any way. I just like the vibe of most songs. Best songs include Rehab; Back To Black; and the song that has ""What kind of fuckery is this?"" Idk why I was disappointed because I don't have a strong opinion on most songs, it's just filler, intro-to-jazz vibes.",FALSE
Favourite Worst Nightmare,Arctic Monkeys,7,505,"... If You Were There, Beware",Maybe?,10 July 2024,,"Idk why but this just didn't hit as expected. It seemed a little childish and quick, not like sophisticated. I really hoped for more, but 505 was the truest listen-again song. But I hoped for better because I like the Arctic Monkeys :(",FALSE
A Night At The Opera,Queen,7,Bohemian Rhapsody,The Prophet's Song,Nah,11 July 2024,,Peak queen. This album feels like an intro into a raging musical/play obsession. I'm not sure why this doesn't hit at hard as it should tho. But I do def vibe with the last song cause it's like rock-invasion,FALSE
Songs For The Deaf,Queens of the Stone Age,7,No One Knows,Hanging Tree,Nah,12 July 2024,,"Now I think we are getting back into the groove of things. This album finally has some good songs and the rest are all mid. But at least I can say that some are good. The album as a whole is pretty okay, but I give it props for the few good songs it has.",FALSE
Save Rock And Roll,Fall Out Boy,8,The Phoenix,Rat A Tat,Maybe?,14 July 2024,Take over the world,"The only reason this album isn't an instant 'Buy!' is because idk if it'll sound good on vinyl. But, this album slapppppps. Discovered this in middle school and have listened to all these songs before (albeit out of order). Its just my kind of punk!",FALSE
A Moon Shaped Pool,Radiohead,5,Decks Dark,Identikit,Nah,15 July 2024,,"I didn't like this album that much. Some songs were okay, but maybe it's because I wasn't in the Radiohead headspace.",TRUE
Sound of Silver,LCD Soundsystem,6,All My Friends,Sound of Silver,Nah,16 July 2024,,"I listened to this while on a long slow run and I think it fits that vibe. This album is a little anti-dopamine-addict because each song is long and takes a little while to build up, but I still quite like it!",FALSE
I Love You.,The Neighbourhood,8,Alleyways,Everybody's Watching Me (Uh Oh),Maybe?,16 July 2024,Victim mindset,"I've heard basically all these songs before, so nothing new there. But pretty much every song in this album is a banger. Idk how i feel about supporting jesse rutherford because of all the pedo allegations but the music is still good. It's very good in-between (chilling time but hype but not exciting me to run or anything).",FALSE
Abbey Road,The Beatles,6,You Never Give Me Your Money,I Want You (She's So Heavy),Nah,16 July 2024,,The songs are good and I can bop to them fine. But it's pretty standard all throughout. I think it would make good road trip music while your friends talk all over the music; the vibes are good but you're not missing much not listening to the music. But I do like the guitar solos.,FALSE
Different Class,Pulp,7,Disco 2000,F.E.E.L.I.N.G.C.A.L.L.E.D.L.O.V.E.,Nah,17 July 2024,90-00s High School,These songs make me feel like I'm in Footloose or one of those other high school movies where they all have poofy hair and leather jackets and vintage shit goes on.,FALSE
Low,David Bowie,6,Always Crashing in the Same Car,,Nah,21 July 2024,Dune,The first half of this album is a lot peppier than the remaining half. It's a lot sadder and mellow then. Its a little boring ngl later on kind of like a soundtrack. The album cover also has an orangish color which also reminds me of Dune just like some of the last songs. The last song though does have a sexy sax,FALSE
Unknown Pleasures,Joy Division,6,New Dawn Fades,,Nah,19 Aug 2024,Strokes knockoff,I think i need a second listen through because not really sure how to feel about it. best songs include New Dawn Fades; Shadowplay,FALSE
Absolution,Muse,7,,,Nah,28 Aug 2024,,"Listened to this while running. It's ok, need another shot.",FALSE
Alive 2007,Daft Punk,8,"Around the World/Harder, Better, Faster, Stronger",,Buy!,1 Sep 2024,Self-Remix!,This was one of the running albums! She's a little bit yummy and good for long runs-ish. I like the lack of real lyrics for a lot of brain-intensive/brain-blanking activities.,FALSE
A Fever You Can't Sweat Out,Panic! At The Disco,9,"There’s a Good Reason These Tables Are Numbered Honey, You Just Haven’t Thought of It Yet",Intermission,Buy!,1 Sep 2024,Old Panic!,One of my favs from me pre-emo phase. Most songs slap and the motifs are a little bit sexy,FALSE
Death of a Bachelor,Panic! At The Disco,9,Golden Days,LA Devotee,Buy!,5 Sep 2024,New Orleans,"This album takes you kind of through a story (not sure what the story is tho lol). It kind of gives me the feeling of going through birth and death, crazy life to the afterlife. Partying so hard that idek is going on.",FALSE
Regional at Best,Twenty One Pilots,8,Anathema,,Buy!,16 Sep 2024,Depressed era,This album was first listened to when I was in like my peak depressed era in middle school. The angst and self hatred resonated at that point in life. The rap-ish vibe and super speedy mapped to my anxiety atp,FALSE
Model,Wallows,7,Don't You Think It's Strange?,,Nah,21 Sep 2024,Indie Rock,"A couple songs on this stood out, but on the whole was a typical indie rock album from Wallows. I've noticed their albums tend to have one or two really good songs and the others are relatively mid",FALSE
...Like Clockwork,Queens of the Stone Age,8,I Appear Missing,Keep Your Eyes Peeled,Maybe?,22 Sep 2024,Dad emo vibes,Listened to this while running and quite like it! It's kinda in between angst and anger like the bridge between depression and motivation so it's kinda a slay!,FALSE
Be the Cowboy,Mitski,6,Washing Machine Heart,,Nah,14 May 2025,Bitchless,"As a non-Mitski fan, I wanted to give this a shot. But the best songs were just the famous ones: Washing Machine Heart and Nobody. Otherwise doesn't really stand out much. I wished this had more unpopularized gems but it seems the internet got em all.",FALSE
Grace,Jeff Buckley,7,Dream Brother,Corpus Christi Carol,Maybe?,16 May 2025,Male manipulator,"This gives very 'The Smiths', but it's just one guy. The key changes are a little retro. Ngl it's not all that TikTok hypes it to be, but has some mid-tier bangers. Not sure whether my opinion is because of all the hype, but it's just a teeny bit underwhelming. Maybe I need to give its lyrics a shot.",TRUE
Этажи,Molchat Doma,8,Волны,,Buy!,18 May 2025,Communist Russia,"I listened to this while reading 'A Clockwork Orange' because Spotify said they vibe, and I agree. The sounds are very old and seem like they're coming from an eastern european apartment complex. Would listen again when trying to build something, seems mildly motivating without ultra hype.",FALSE
You Are the Quarry,Morrissey,6,I Have Forgiven Jesus,"Irish Blood, English Heart",Nah,19 May 2025,Smiths trying to be cool,"I found this album through tiktok–the song 'I Have Forgiven Jesus' being the reason. From the album cover, I didn't know the singer is the lead in the Smiths. But the rest of the album is kinda mid, wouldn't really recommend on a whole (except that one song)",FALSE
L'Amour Toujours,Gigi D'Agostino,8,L'amour Toujours; La Passion,The Riddle,Buy!,19 May 2025,What I think European clubs are like,"Disc 1 of the album slaps quite hard, disc 2 less so with more ambient tracks. There's a lot of rhythmic bangers which I prefer over hard EDM so big fan. I listened while running, so the beats definitely helped. I actually think the most famous song was a little dull, but the other ones were a lot better than the views on spotify indicate.",TRUE
Invitation To Her's,Her's,6,Harvey; She Needs Him,,Nah,20 May 2025,-,"My two favourite songs were the ones I heard before I chose to pick this album. This gives very chill vibes but a bit boring and repetitive. The slightly muffled guitar playing is indie-core, but I think I've just heard too much of that.",FALSE
Skiptracing,Mild High Club,7,Homage,¿Whodunit?,Maybe?,20 May 2025,Mildly jazzy but not snobby coffeehouse,"Lowkey nothing crazy, just chill",FALSE
David Bowie (aka Space Oddity) [2015 Remaster],David Bowie,5,Space Oddity,God Knows I'm Good,Nah,24 May 2025,,"The songs weren't bad, but nothing spectacular. I liked Cygnet Committee too. A lot of the older albums like this sound somewhat similar and a little boring in spots. But the climaxes in Space Oddity and Cygnet Committee were pretty good.",FALSE
Die Hölle muss warte,Eisbrecher,5,Verrückt,Abgrund,Maybe?,10 Aug 2025,Cheesy German,"I quite like this album, but would consider it to be a little on the predictable side. It's a good, easy listen without being too basic. I also like the fact that it's in another language too. Is probably also good to run to.",FALSE
Violator (Deluxe),Depeche Mode,8,Enjoy the Silence,,Buy!,3 Nov 2025,,,FALSE
Sweet Boy,Malcolm Todd,7,,,Maybe?,11 Nov 2025,White Steve Lacy,,FALSE
She Wants Revenge,She Wants Revenge,5,Tear You Apart,,Nah,15 Jan 2026,Wannabe Angst,Lowkey a little boring but good background music. There should be a little more uniqueness. It's one of the music slop types.,FALSE
Covers,Deftones,,,,Nah,,,,FALSE
